<!-- Copyright (C) 2019 Google Inc. All Rights Reserved.

FirebaseCrashlytics iOS and Android Dependencies.
-->

<dependencies>
  <iosPods>
    <iosPod name="Firebase/Crashlytics" version="10.5.0" minTargetSdk="8.0">
    </iosPod>
  </iosPods>
  <androidPackages>
    <androidPackage spec="com.google.firebase:firebase-crashlytics-ndk:18.3.4">
    </androidPackage>
    <androidPackage spec="com.google.firebase:firebase-analytics:21.2.0">
    </androidPackage>
    <androidPackage spec="com.google.firebase:firebase-crashlytics-unity:10.5.0">
      <repositories>
        <repository>Assets/Firebase/m2repository</repository>
      </repositories>
    </androidPackage>
  </androidPackages>
</dependencies>
